<?xml version="1.0" encoding="UTF-8"?>
<metadata xml:lang="en"><Esri><CreaDate>20260105</CreaDate><CreaTime>13535200</CreaTime><ArcGISFormat>1.0</ArcGISFormat><ArcGISstyle>ISO 19139 Metadata Implementation Specification</ArcGISstyle><SyncOnce>TRUE</SyncOnce><DataProperties><itemProps><itemLocation><linkage Sync="TRUE">file://\\STUDIO-AHZA\D$\GIS\DATA\BIG\BATAS ADMINISTRASI\2023\UPLOAD\Batas_Wilayah_KelurahanDesa_10K_AR</linkage><protocol Sync="TRUE">Local Area Network</protocol></itemLocation></itemProps><copyHistory><copy source="D:\GIS\DATA\BIG\BATAS ADMINISTRASI\2023\REST SERVICES\Batas_Wilayah_KelurahanDesa_10K_AR" dest="\\STUDIO-AHZA\D$\GIS\DATA\BIG\BATAS ADMINISTRASI\2023\UPLOAD\Batas_Wilayah_KelurahanDesa_10K_AR" date="20230528" time="11284600"></copy></copyHistory></DataProperties></Esri></metadata>
